name,cam_lat,cam_long,elev,code,dir,fov_center,fov_lft,fov_rt,num_events,event_dates,x_pixel,y_pixel,incident,incident_dist,incident_latitude,incident_longitude,check
Black Mountain,32.98166822,-117.1164071,1600,bl,s,"[-117.12, 32.52914378468391]","[-116.74311609844423, 32.660630738922485]","[-117.49688390155578, 32.660630738922485]",4,20180603,1229,685,Adobe Fire,14.19530153,32.78031,-117.06782,1
Red Mountain,33.4008,-117.1905,1600,rm,e,"[-116.65303446254079, 33.4008]","[-116.80905606186775, 33.71897645296838]","[-116.81183156739415, 33.081443131239055]",5,20180522,1329,780,Agua Fire,9.711897611,33.35505,-117.03134,1
High Point,33.363018,-116.83622,6180,hp,n,"[-116.84, 33.81079597072698]","[-117.22126369140182, 33.6781794593324]","[-116.4587363085982, 33.678179459332405]",9,20180704,1552,761,Benton Fire,15.0971416,33.56349,-116.732032,1
Big Black Mountain,33.1599,-116.8081,4055,bm,n,"[-116.8081, 33.61071054911843]","[-117.18848493961107, 33.478094173241445]","[-116.42771506038892, 33.478094173241445]",3,20170625,1613,784,Black Fire,2.088121482,33.1683,-116.77342,1
Mesa Grande,33.188869,-116.760651,4280,mg,s,"[-116.761, 32.73715879567527]","[-116.38323866782441, 32.86863685756763]","[-117.13876133217558, 32.86863685756762]",4,20170625,1429,629,Black Fire,1.601568775,33.1683,-116.77342,1
Mt. San Miguel,32.696804,-116.936363,2550,sm,w,"[-117.47322532501433, 32.7]","[-117.31571696748713, 32.38062252484705]","[-117.31839797267894, 33.01822779754]",3,20190825,1057,866,Border 10 Fire,10.28432322,32.557546,-116.873955,0
Lyons Peak,32.7015,-116.7646,3700,lp,s,"[-116.7646, 32.250623763331724]","[-116.38887682424091, 32.382122568778954]","[-117.14032317575908, 32.38212256877896]",15,20200727,2965,1323,Border 11 Fire,5.495289805,32.62212,-116.77048,1
Otay Mountain,32.5948,-116.8447,3565,om,e,"[-116.31209855990625, 32.5948]","[-116.46675020578886, 32.913035450815606]","[-116.4694172863813, 32.27541944575791]",12,20200727,2558,1220,Border 11 Fire,4.714200267,32.62212,-116.77048,1
Lyons Peak,32.7015,-116.7646,3700,lp,s,"[-116.7646, 32.250623763331724]","[-116.38887682424091, 32.382122568778954]","[-117.14032317575908, 32.38212256877896]",15,20190814,1065,1143,Border 9 Fire,8.816839717,32.57394,-116.760465,1
Otay Mountain,32.5948,-116.8447,3565,om,e,"[-116.31209855990625, 32.5948]","[-116.46675020578886, 32.913035450815606]","[-116.4694172863813, 32.27541944575791]",12,20190814,2338,1161,Border 9 Fire,5.111410621,32.57394,-116.760465,1
Los Pinos,32.734673,-116.577751,4800,pi,s,"[-116.58, 32.27912580807218]","[-116.20415877907386, 32.41062340363592]","[-116.95584122092613, 32.41062340363591]",10,20160619,1696,680,Border Fire,9.316515817,32.60729,-116.63028,1
Lyons Peak,32.7015,-116.7646,3700,lp,e,"[-116.23136575570216, 32.7015]","[-116.38619562001993, 33.0197276883123]","[-116.38887682424091, 32.382122568778954]",6,20160619,1555,559,Border Fire,10.16982377,32.60729,-116.63028,1
Mt. Woodson,33.0087,-116.9709,2800,wc,e,"[-116.43582502218713, 33.0087]","[-116.59117331258486, 33.326905257636774]","[-116.59389556804973, 32.68933158235236]",14,20190712,2190,1430,Border Fire,33.08915518,32.566389,-116.7525,1
Otay Mountain,32.5948,-116.8447,3565,om,e,"[-116.31209855990625, 32.5948]","[-116.46675020578886, 32.913035450815606]","[-116.4694172863813, 32.27541944575791]",12,20160619,1020,800,Border Fire,12.51059322,32.60729,-116.63028,1
Otay Mountain,32.5948,-116.8447,3565,om,s,"[-116.8447, 32.14391611653981]","[-116.4694172863813, 32.27541944575791]","[-117.2199827136187, 32.27541944575792]",13,20170901,1875,886,Border Fire,4.36538779,32.6001,-116.76997,0
Otay Mountain,32.5948,-116.8447,3565,om,s,"[-116.8447, 32.14391611653981]","[-116.4694172863813, 32.27541944575791]","[-117.2199827136187, 32.27541944575792]",13,20180717,1932,909,Border Fire,2.863567194,32.557566,-116.8663,1
High Point,33.363018,-116.83622,6180,hp,n,"[-116.84, 33.81079597072698]","[-117.22126369140182, 33.6781794593324]","[-116.4587363085982, 33.678179459332405]",9,20180614,1062,792,Bridle Fire,11.18253738,33.524412,-116.821724,1
High Point,33.363018,-116.83622,6180,hp,s,"[-116.84, 32.90917124536389]","[-116.46150622782201, 33.04064192734967]","[-117.218493772178, 33.04064192734967]",3,20180614,1044,767,Bridle Fire,11.18253738,33.524412,-116.821724,0
Mt. Woodson,33.0087,-116.9709,2800,wc,e,"[-116.43582502218713, 33.0087]","[-116.59117331258486, 33.326905257636774]","[-116.59389556804973, 32.68933158235236]",14,20180614,911,1225,Bridle Fire,36.65965856,33.524412,-116.821724,1
San Diego Supercomputer Center,32.88448394,-117.2397484,425,sdsc,e,"[-116.70569960533031, 32.88]","[-116.8608297387217, 33.19821466958003]","[-116.86353472537458, 32.56062780226753]",2,20171016,689,809,Buffalo Fire,37.00246637,33.402411,-117.402445,0
Lyons Peak,32.7015,-116.7646,3700,lp,n,"[-116.7646, 33.152343781045175]","[-117.14300437998006, 33.019727688312294]","[-116.38619562001993, 33.0197276883123]",12,20180706,1997,1279,Building Fire,5.641137544,32.619855,-116.764733,0
Mt. San Miguel,32.696804,-116.936363,2550,sm,n,"[-116.94, 33.150843889404484]","[-117.31839797267894, 33.01822779754]","[-116.56160202732104, 33.01822779754]",7,20180706,1900,817,Building Fire,11.31112247,32.619855,-116.764733,0
Mt. San Miguel,32.696804,-116.936363,2550,sm,e,"[-116.40677467498567, 32.7]","[-116.56160202732104, 33.01822779754]","[-116.56428303251286, 32.38062252484705]",4,20180706,1088,844,Building Fire,11.31112247,32.619855,-116.764733,1
Otay Mountain,32.5948,-116.8447,3565,om,w,"[-117.37730144009376, 32.5948]","[-117.2199827136187, 32.27541944575792]","[-117.22264979421115, 32.9130354508156]",6,20190801,1110,1041,Caliente Fire,10.6767871,32.575556,-117.026667,1
Mt. Woodson,33.0087,-116.9709,2800,wc,e,"[-116.43582502218713, 33.0087]","[-116.59117331258486, 33.326905257636774]","[-116.59389556804973, 32.68933158235236]",14,20200930,1019,1177,Candy Fire,57.1655609,33.764357,-117.374419,0
Red Mountain,33.4008,-117.1905,1600,rm,w,"[-117.72796553745921, 33.4008]","[-117.56916843260585, 33.081443131239055]","[-117.57194393813225, 33.71897645296838]",16,20200930,218,859,Candy Fire,27.25909858,33.764357,-117.374419,1
Mesa Grande,33.188869,-116.760651,4280,mg,s,"[-116.761, 32.73715879567527]","[-116.38323866782441, 32.86863685756763]","[-117.13876133217558, 32.86863685756762]",4,20180806,1852,1119,Casner Fire,9.107538174,33.05737,-116.77154,1
Santa Ysabel,33.138256,-116.617058,5500,vo,w,"[-117.1458095636703, 33.13]","[-116.98751575248369, 32.81063515002747]","[-116.99025437801869, 33.44819636750495]",1,20180806,280,570,Casner Fire,10.54460539,33.05737,-116.77154,1
Los Pinos,32.734673,-116.577751,4800,pi,e,"[-116.04659616305612, 32.73]","[-116.20147379070163, 33.04822561243623]","[-116.20415877907386, 32.41062340363592]",5,20171021,1537,721,Church Fire,13.25373042,32.64962,-116.37345,1
Mt. Woodson,33.0087,-116.9709,2800,wc,e,"[-116.43582502218713, 33.0087]","[-116.59117331258486, 33.326905257636774]","[-116.59389556804973, 32.68933158235236]",14,20180720,846,1133,Cinnamon Fire,10.88270335,33.04898,-116.78928,1
Black Mountain,32.98166822,-117.1164071,1600,bl,n,"[-117.12, 33.43082361873078]","[-117.49960229720907, 33.298207358327076]","[-116.74039770279094, 33.298207358327076]",3,20180813,1825,809,Cloverdale Fire,9.597911797,33.0971179,-117.0242529,1
Boucher Hill,33.3346,-116.9198,5500,bh,s,"[-116.9198, 32.8837694047889]","[-116.54141478414488, 33.01524117811553]","[-117.29818521585511, 33.01524117811554]",4,20180813,1219,908,Cloverdale Fire,17.48406823,33.0971179,-117.0242529,1
Mesa Grande,33.188869,-116.760651,4280,mg,w,"[-117.29716237260907, 33.188]","[-117.13876133217558, 32.86863685756762]","[-117.14150781766253, 33.50619211003771]",3,20180813,1039,1136,Cloverdale Fire,16.51518313,33.0971179,-117.0242529,1
Otay Mountain,32.5948,-116.8447,3565,om,s,"[-116.8447, 32.14391611653981]","[-116.4694172863813, 32.27541944575791]","[-117.2199827136187, 32.27541944575792]",13,20191030,1133,1306,Copper Fire,2.169294715,32.564583,-116.834583,1
Lyons Peak,32.7015,-116.7646,3700,lp,n,"[-116.7646, 33.152343781045175]","[-117.14300437998006, 33.019727688312294]","[-116.38619562001993, 33.0197276883123]",12,20190728,342,1175,Dehesa Fire,4.922036805,32.767649,-116.796032,1
Otay Mountain,32.5948,-116.8447,3565,om,n,"[-116.8447, 33.04565148266326]","[-117.22264979421115, 32.9130354508156]","[-116.46675020578886, 32.913035450815606]",10,20190728,1361,1078,Dehesa Fire,12.27352032,32.767649,-116.796032,1
Los Pinos,32.734673,-116.577751,4800,pi,w,"[-117.11340383694387, 32.73]","[-116.95584122092613, 32.41062340363591]","[-116.95852620929837, 33.04822561243623]",6,20190924,1271,752,Dehesa Fire ,13.81063324,32.787656,-116.806941,1
Lyons Peak,32.7015,-116.7646,3700,lp,n,"[-116.7646, 33.152343781045175]","[-117.14300437998006, 33.019727688312294]","[-116.38619562001993, 33.0197276883123]",12,20190924,692,1130,Dehesa Fire ,6.441312768,32.787656,-116.806941,1
Mt. Laguna,32.8922,-116.4209,6300,ml,w,"[-116.95527360858537, 32.8922]","[-116.79741623581543, 32.57282816036067]","[-116.80012285506182, 33.21041377829245]",4,20190924,746,880,Dehesa Fire ,23.54560157,32.787656,-116.806941,1
Mt. Laguna Observatory,32.8397,-116.4265,6180,mlo,w,"[-116.96055886345307, 32.8397]","[-116.80279715497225, 32.52032661974371]","[-116.80549675521806, 33.15791761239618]",2,20190924,851,828,Dehesa Fire ,22.3824363,32.787656,-116.806941,1
Mt. San Miguel,32.696804,-116.936363,2550,sm,n,"[-116.94, 33.150843889404484]","[-117.31839797267894, 33.01822779754]","[-116.56160202732104, 33.01822779754]",7,20190924,1664,616,Dehesa Fire ,9.796715948,32.787656,-116.806941,1
Red Mountain,33.4008,-117.1905,1600,rm,w,"[-117.72796553745921, 33.4008]","[-117.56916843260585, 33.081443131239055]","[-117.57194393813225, 33.71897645296838]",16,20170519,711,846,Deluz Fire,7.703302671,33.3906,-117.32348,1
Mt. Laguna Observatory,32.8397,-116.4265,6180,mlo,s,"[-116.4265, 32.38883368733383]","[-116.05020284502775, 32.52032661974371]","[-116.80279715497225, 32.52032661974371]",11,20170821,1114,847,Eclipse Fire,13.10579991,32.65003,-116.42907,1
Santiago Peak,33.71117247,-117.534115,5700,stgo,s,"[0, 0]","[0, 0]","[0, 0]",3,20180602,2740,1015,Ethanac Fire,14.64971525,33.742,-117.28189,0
Santiago Peak,33.71117247,-117.534115,5700,stgo,w,"[0, 0]","[0, 0]","[0, 0]",2,20180602,433,1156,Ethanac Fire,14.64971525,33.742,-117.28189,0
Lyons Peak,32.7015,-116.7646,3700,lp,n,"[-116.7646, 33.152343781045175]","[-117.14300437998006, 33.019727688312294]","[-116.38619562001993, 33.0197276883123]",12,20160718,789,513,Feather Fire,18.02733339,32.9612,-116.7945,1
Mesa Grande,33.188869,-116.760651,4280,mg,s,"[-116.761, 32.73715879567527]","[-116.38323866782441, 32.86863685756763]","[-117.13876133217558, 32.86863685756762]",4,20160718,536,565,Feather Fire,15.85203734,32.9612,-116.7945,1
Mt. Woodson,33.0087,-116.9709,2800,wc,e,"[-116.43582502218713, 33.0087]","[-116.59117331258486, 33.326905257636774]","[-116.59389556804973, 32.68933158235236]",14,20160718,1417,786,Feather Fire,10.73739128,32.9612,-116.7945,1
Los Pinos,32.734673,-116.577751,4800,pi,s,"[-116.58, 32.27912580807218]","[-116.20415877907386, 32.41062340363592]","[-116.95584122092613, 32.41062340363591]",10,20170520,1814,695,Gate Fire,14.30330443,32.65597,-116.80527,1
Los Pinos,32.734673,-116.577751,4800,pi,w,"[-117.11340383694387, 32.73]","[-116.95584122092613, 32.41062340363591]","[-116.95852620929837, 33.04822561243623]",6,20170520,416,767,Gate Fire,14.30330443,32.65597,-116.80527,1
Lyons Peak,32.7015,-116.7646,3700,lp,s,"[-116.7646, 32.250623763331724]","[-116.38887682424091, 32.382122568778954]","[-117.14032317575908, 32.38212256877896]",15,20170520,1395,631,Gate Fire,3.935801389,32.65597,-116.80527,1
Otay Mountain,32.5948,-116.8447,3565,om,s,"[-116.8447, 32.14391611653981]","[-116.4694172863813, 32.27541944575791]","[-117.2199827136187, 32.27541944575792]",13,20170520,1707,555,Gate Fire,4.809106485,32.65597,-116.80527,0
Big Black Mountain,33.1599,-116.8081,4055,bm,n,"[-116.8081, 33.61071054911843]","[-117.18848493961107, 33.478094173241445]","[-116.42771506038892, 33.478094173241445]",3,20161113,141,717,Gopher Fire,21.28064981,33.254355,-117.158475,1
Big Black Mountain,33.1599,-116.8081,4055,bm,w,"[-117.34409131608477, 33.1599]","[-117.18574226477494, 32.840536030162966]","[-117.18848493961107, 33.478094173241445]",3,20161113,1622,761,Gopher Fire,21.28064981,33.254355,-117.158475,1
Black Mountain,32.98166822,-117.1164071,1600,bl,n,"[-117.12, 33.43082361873078]","[-117.49960229720907, 33.298207358327076]","[-116.74039770279094, 33.298207358327076]",3,20161113,892,766,Gopher Fire,18.99748648,33.254355,-117.158475,1
Mt. San Miguel,32.696804,-116.936363,2550,sm,n,"[-116.94, 33.150843889404484]","[-117.31839797267894, 33.01822779754]","[-116.56160202732104, 33.01822779754]",7,20180603,1034,941,Green Fire,3.793482549,32.75072,-116.92404,1
Mt. San Miguel,32.696804,-116.936363,2550,sm,w,"[-117.47322532501433, 32.7]","[-117.31571696748713, 32.38062252484705]","[-117.31839797267894, 33.01822779754]",3,20180603,1411,844,Green Fire,3.793482549,32.75072,-116.92404,0
Santiago Peak,33.71117247,-117.534115,5700,stgo,s,"[0, 0]","[0, 0]","[0, 0]",3,20180806,774,1367,Holy Fire,1.152952593,33.69888,-117.52055,1
Red Mountain,33.4008,-117.1905,1600,rm,n,"[-117.1905, 33.851592992948994]","[-117.57194393813225, 33.71897645296838]","[-116.80905606186775, 33.71897645296838]",6,20190915,1669,898,Horseshoe Fire ,10.28089271,33.4853,-117.043723,1
Red Mountain,33.4008,-117.1905,1600,rm,n,"[-117.1905, 33.851592992948994]","[-117.57194393813225, 33.71897645296838]","[-116.80905606186775, 33.71897645296838]",6,20180602,831,824,Jardin Fire,3.866885069,33.45014,-117.22215,1
Red Mountain,33.4008,-117.1905,1600,rm,w,"[-117.72796553745921, 33.4008]","[-117.56916843260585, 33.081443131239055]","[-117.57194393813225, 33.71897645296838]",16,20180603,1846,779,Jardin Fire,3.866885069,33.45014,-117.22215,1
Big Black Mountain,33.1599,-116.8081,4055,bm,s,"[-116.8081, 32.709056764890555]","[-116.43045773522505, 32.840536030162966]","[-117.18574226477494, 32.840536030162966]",2,20170711,1455,768,Jennings Fire,21.71619534,32.84796,-116.85396,1
Black Mountain,32.98166822,-117.1164071,1600,bl,e,"[-116.58509818227772, 32.98]","[-116.74039770279094, 33.298207358327076]","[-116.74311609844423, 32.660630738922485]",3,20170711,1868,753,Jennings Fire,17.80657474,32.84796,-116.85396,1
Black Mountain,32.98166822,-117.1164071,1600,bl,s,"[-117.12, 32.52914378468391]","[-116.74311609844423, 32.660630738922485]","[-117.49688390155578, 32.660630738922485]",4,20170711,136,669,Jennings Fire,17.80657474,32.84796,-116.85396,1
Mt. San Miguel,32.696804,-116.936363,2550,sm,n,"[-116.94, 33.150843889404484]","[-117.31839797267894, 33.01822779754]","[-116.56160202732104, 33.01822779754]",7,20170711,1342,828,Jennings Fire,11.48879995,32.84796,-116.85396,1
San Diego Supercomputer Center,32.88448394,-117.2397484,425,sdsc,e,"[-116.70569960533031, 32.88]","[-116.8608297387217, 33.19821466958003]","[-116.86353472537458, 32.56062780226753]",2,20170711,959,795,Jennings Fire,22.53072767,32.84796,-116.85396,1
Boucher Hill,33.3346,-116.9198,5500,bh,n,"[-116.9198, 33.785397823642114]","[-117.30095166269716, 33.6527813298777]","[-116.53864833730283, 33.652781329877705]",4,20171207,245,840,Lilac Fire,14.05999149,33.3237,-117.163,0
Boucher Hill,33.3346,-116.9198,5500,bh,w,"[-117.45685866220713, 33.3346]","[-117.29818521585511, 33.01524117811554]","[-117.30095166269716, 33.6527813298777]",8,20171207,955,879,Lilac Fire,14.05999149,33.3237,-117.163,1
Red Mountain,33.4008,-117.1905,1600,rm,s,"[-117.1905, 32.94997420337428]","[-116.81183156739415, 33.081443131239055]","[-117.56916843260585, 33.081443131239055]",1,20171207,334,838,Lilac Fire,5.558458007,33.3237,-117.163,1
Big Black Mountain,33.1599,-116.8081,4055,bm,n,"[-116.8081, 33.61071054911843]","[-117.18848493961107, 33.478094173241445]","[-116.42771506038892, 33.478094173241445]",3,20170722,1737,629,Lost Fire,15.44527004,33.34659,-116.66107,1
High Point,33.363018,-116.83622,6180,hp,e,"[-116.30278538329296, 33.36]","[-116.4587363085982, 33.678179459332405]","[-116.46150622782201, 33.04064192734967]",2,20170722,1245,639,Lost Fire,10.17186804,33.34659,-116.66107,1
Mesa Grande,33.188869,-116.760651,4280,mg,n,"[-116.761, 33.63880850448595]","[-117.14150781766253, 33.50619211003771]","[-116.38049218233746, 33.50619211003771]",2,20170722,1438,957,Lost Fire,12.32273912,33.34659,-116.66107,1
Sky Oaks,33.3787,-116.6223,4975,sojr,s,"[-116.6223, 32.927872600889984]","[-116.24372621899155, 33.05934247907213]","[-117.00087378100844, 33.05934247907212]",1,20170722,1091,723,Lost Fire,3.150825495,33.34659,-116.66107,1
Red Mountain,33.4008,-117.1905,1600,rm,w,"[-117.72796553745921, 33.4008]","[-117.56916843260585, 33.081443131239055]","[-117.57194393813225, 33.71897645296838]",16,20200304,1605,850,Mann Fire,43.57428145,33.96957,-117.51793,1
Toro Peak,33.5235,-116.4257,8800,tp,e,"[-115.88747679232661, 33.5235]","[-116.04371179784691, 33.841667399099975]","[-116.0465041676762, 33.20414675463602]",1,20180723,683,786,Martinez Fire,15.93899382,33.56921,-116.154398,1
High Point,33.363018,-116.83622,6180,hp,n,"[-116.84, 33.81079597072698]","[-117.22126369140182, 33.6781794593324]","[-116.4587363085982, 33.678179459332405]",9,20190716,1265,784,Meadow Fire,10.83402935,33.514658,-116.7884,1
Mesa Grande,33.188869,-116.760651,4280,mg,n,"[-116.761, 33.63880850448595]","[-117.14150781766253, 33.50619211003771]","[-116.38049218233746, 33.50619211003771]",2,20190716,1564,951,Meadow Fire,22.56677578,33.514658,-116.7884,1
Mt. Laguna Observatory,32.8397,-116.4265,6180,mlo,s,"[-116.4265, 32.38883368733383]","[-116.05020284502775, 32.52032661974371]","[-116.80279715497225, 32.52032661974371]",11,20190715,686,713,Meadow Fire,51.11589676,33.514658,-116.7884,0
Mt. Laguna Observatory,32.8397,-116.4265,6180,mlo,s,"[-116.4265, 32.38883368733383]","[-116.05020284502775, 32.52032661974371]","[-116.80279715497225, 32.52032661974371]",11,20190715,656,716,Meadow Fire,51.11589676,33.514658,-116.7884,0
Mt. Laguna Observatory,32.8397,-116.4265,6180,mlo,s,"[-116.4265, 32.38883368733383]","[-116.05020284502775, 32.52032661974371]","[-116.80279715497225, 32.52032661974371]",11,20190715,1184,728,Meadow Fire,51.11589676,33.514658,-116.7884,0
Sky Oaks,33.3787,-116.6223,4975,sojr,w,"[-117.15962955909717, 33.3787]","[-117.00087378100844, 33.05934247907212]","[-117.00364625930078, 33.6968780816769]",3,20190716,1258,669,Meadow Fire,13.41422793,33.514658,-116.7884,1
Toro Peak,33.5235,-116.4257,8800,tp,s,"[-116.4257, 33.072683110213006]","[-116.0465041676762, 33.20414675463602]","[-116.80489583232381, 33.204146754636014]",2,20170826,1187,740,Montezuma Fire,21.81859852,33.20988,-116.46989,1
Santiago Peak,33.71117247,-117.534115,5700,stgo,e,"[0, 0]","[0, 0]","[0, 0]",3,20180725,1440,968,None,0,0,0,0
Big Black Mountain,33.1599,-116.8081,4055,bm,e,"[-116.27210868391522, 33.1599]","[-116.42771506038892, 33.478094173241445]","[-116.43045773522505, 32.840536030162966]",1,20191005,748,1033,None,0,0,0,0
Big Black Mountain,33.1599,-116.8081,4055,bm,s,"[-116.8081, 32.709056764890555]","[-116.43045773522505, 32.840536030162966]","[-117.18574226477494, 32.840536030162966]",2,20200521,368,1024,None,0,0,0,0
Big Black Mountain,33.1599,-116.8081,4055,bm,w,"[-117.34409131608477, 33.1599]","[-117.18574226477494, 32.840536030162966]","[-117.18848493961107, 33.478094173241445]",3,20200705,890,1117,None,0,0,0,0
Big Black Mountain,33.1599,-116.8081,4055,bm,w,"[-117.34409131608477, 33.1599]","[-117.18574226477494, 32.840536030162966]","[-117.18848493961107, 33.478094173241445]",3,20201003,2257,1081,None,0,0,0,0
Black Mountain,32.98166822,-117.1164071,1600,bl,n,"[-117.12, 33.43082361873078]","[-117.49960229720907, 33.298207358327076]","[-116.74039770279094, 33.298207358327076]",3,20190829,926,862,None,0,0,0,0
Boucher Hill,33.3346,-116.9198,5500,bh,s,"[-116.9198, 32.8837694047889]","[-116.54141478414488, 33.01524117811553]","[-117.29818521585511, 33.01524117811554]",4,20201207,1171,1040,None,0,0,0,0
Boucher Hill,33.3346,-116.9198,5500,bh,w,"[-117.45685866220713, 33.3346]","[-117.29818521585511, 33.01524117811554]","[-117.30095166269716, 33.6527813298777]",8,20191001,1090,1124,None,0,0,0,0
Boucher Hill,33.3346,-116.9198,5500,bh,w,"[-117.45685866220713, 33.3346]","[-117.29818521585511, 33.01524117811554]","[-117.30095166269716, 33.6527813298777]",8,20201003,780,1196,None,0,0,0,0
Boucher Hill,33.3346,-116.9198,5500,bh,w,"[-117.45685866220713, 33.3346]","[-117.29818521585511, 33.01524117811554]","[-117.30095166269716, 33.6527813298777]",8,20201223,1879,1128,None,0,0,0,0
Cuyamaca Peak,32.946434,-116.606575,6500,cp,s,"[-116.61, 32.4991416236951]","[-116.23324190491, 32.63062985757738]","[-116.98675809509, 32.63062985757738]",3,20200829,1143,1088,None,0,0,0,0
Cuyamaca Peak,32.946434,-116.606575,6500,cp,s,"[-116.61, 32.4991416236951]","[-116.23324190491, 32.63062985757738]","[-116.98675809509, 32.63062985757738]",3,20201013,2581,1151,None,0,0,0,0
High Point,33.363018,-116.83622,6180,hp,n,"[-116.84, 33.81079597072698]","[-117.22126369140182, 33.6781794593324]","[-116.4587363085982, 33.678179459332405]",9,20200807,966,738,None,0,0,0,0
High Point,33.363018,-116.83622,6180,hp,e,"[-116.30278538329296, 33.36]","[-116.4587363085982, 33.678179459332405]","[-116.46150622782201, 33.04064192734967]",2,20210209,863,824,None,0,0,0,0
High Point,33.363018,-116.83622,6180,hp,w,"[-117.37721461670705, 33.36]","[-117.218493772178, 33.04064192734967]","[-117.22126369140182, 33.6781794593324]",3,20200205,604,704,None,0,0,0,0
Los Pinos,32.734673,-116.577751,4800,pi,e,"[-116.04659616305612, 32.73]","[-116.20147379070163, 33.04822561243623]","[-116.20415877907386, 32.41062340363592]",5,20190829,1351,741,None,0,0,0,0
Los Pinos,32.734673,-116.577751,4800,pi,e,"[-116.04659616305612, 32.73]","[-116.20147379070163, 33.04822561243623]","[-116.20415877907386, 32.41062340363592]",5,20200601,1241,750,None,0,0,0,0
Los Pinos,32.734673,-116.577751,4800,pi,e,"[-116.04659616305612, 32.73]","[-116.20147379070163, 33.04822561243623]","[-116.20415877907386, 32.41062340363592]",5,20200823,1249,743,None,0,0,0,0
Los Pinos,32.734673,-116.577751,4800,pi,s,"[-116.58, 32.27912580807218]","[-116.20415877907386, 32.41062340363592]","[-116.95584122092613, 32.41062340363591]",10,20190714,964,752,None,0,0,0,0
Los Pinos,32.734673,-116.577751,4800,pi,s,"[-116.58, 32.27912580807218]","[-116.20415877907386, 32.41062340363592]","[-116.95584122092613, 32.41062340363591]",10,20190809,1164,756,None,0,0,0,0
Los Pinos,32.734673,-116.577751,4800,pi,s,"[-116.58, 32.27912580807218]","[-116.20415877907386, 32.41062340363592]","[-116.95584122092613, 32.41062340363591]",10,20191006,353,753,None,0,0,0,0
Los Pinos,32.734673,-116.577751,4800,pi,s,"[-116.58, 32.27912580807218]","[-116.20415877907386, 32.41062340363592]","[-116.95584122092613, 32.41062340363591]",10,20200829,234,757,None,0,0,0,0
Los Pinos,32.734673,-116.577751,4800,pi,s,"[-116.58, 32.27912580807218]","[-116.20415877907386, 32.41062340363592]","[-116.95584122092613, 32.41062340363591]",10,20200911,65,819,None,0,0,0,0
Los Pinos,32.734673,-116.577751,4800,pi,s,"[-116.58, 32.27912580807218]","[-116.20415877907386, 32.41062340363592]","[-116.95584122092613, 32.41062340363591]",10,20201105,1575,767,None,0,0,0,0
Los Pinos,32.734673,-116.577751,4800,pi,s,"[-116.58, 32.27912580807218]","[-116.20415877907386, 32.41062340363592]","[-116.95584122092613, 32.41062340363591]",10,20210113,1168,1098,None,0,0,0,0
Los Pinos,32.734673,-116.577751,4800,pi,w,"[-117.11340383694387, 32.73]","[-116.95584122092613, 32.41062340363591]","[-116.95852620929837, 33.04822561243623]",6,20201127,2506,1114,None,0,0,0,0
Los Pinos,32.734673,-116.577751,4800,pi,w,"[-117.11340383694387, 32.73]","[-116.95584122092613, 32.41062340363591]","[-116.95852620929837, 33.04822561243623]",6,20201216,2241,1066,None,0,0,0,0
Lyons Peak,32.7015,-116.7646,3700,lp,n,"[-116.7646, 33.152343781045175]","[-117.14300437998006, 33.019727688312294]","[-116.38619562001993, 33.0197276883123]",12,20191006,2721,1036,None,0,0,0,0
Lyons Peak,32.7015,-116.7646,3700,lp,n,"[-116.7646, 33.152343781045175]","[-117.14300437998006, 33.019727688312294]","[-116.38619562001993, 33.0197276883123]",12,20200813,1638,1053,None,0,0,0,0
Lyons Peak,32.7015,-116.7646,3700,lp,n,"[-116.7646, 33.152343781045175]","[-117.14300437998006, 33.019727688312294]","[-116.38619562001993, 33.0197276883123]",12,20200822,268,1129,None,0,0,0,0
Lyons Peak,32.7015,-116.7646,3700,lp,e,"[-116.23136575570216, 32.7015]","[-116.38619562001993, 33.0197276883123]","[-116.38887682424091, 32.382122568778954]",6,20191006,2393,1056,None,0,0,0,0
Lyons Peak,32.7015,-116.7646,3700,lp,e,"[-116.23136575570216, 32.7015]","[-116.38619562001993, 33.0197276883123]","[-116.38887682424091, 32.382122568778954]",6,20200822,2843,1452,None,0,0,0,0
Lyons Peak,32.7015,-116.7646,3700,lp,e,"[-116.23136575570216, 32.7015]","[-116.38619562001993, 33.0197276883123]","[-116.38887682424091, 32.382122568778954]",6,20200911,1677,1043,None,0,0,0,0
Lyons Peak,32.7015,-116.7646,3700,lp,e,"[-116.23136575570216, 32.7015]","[-116.38619562001993, 33.0197276883123]","[-116.38887682424091, 32.382122568778954]",6,20210302,2293,1453,None,0,0,0,0
Lyons Peak,32.7015,-116.7646,3700,lp,s,"[-116.7646, 32.250623763331724]","[-116.38887682424091, 32.382122568778954]","[-117.14032317575908, 32.38212256877896]",15,20190529,2522,1333,None,0,0,0,0
Lyons Peak,32.7015,-116.7646,3700,lp,s,"[-116.7646, 32.250623763331724]","[-116.38887682424091, 32.382122568778954]","[-117.14032317575908, 32.38212256877896]",15,20190803,1853,1181,None,0,0,0,0
Lyons Peak,32.7015,-116.7646,3700,lp,s,"[-116.7646, 32.250623763331724]","[-116.38887682424091, 32.382122568778954]","[-117.14032317575908, 32.38212256877896]",15,20191001,1416,1188,None,0,0,0,0
Lyons Peak,32.7015,-116.7646,3700,lp,s,"[-116.7646, 32.250623763331724]","[-116.38887682424091, 32.382122568778954]","[-117.14032317575908, 32.38212256877896]",15,20191006,1840,1151,None,0,0,0,0
Lyons Peak,32.7015,-116.7646,3700,lp,s,"[-116.7646, 32.250623763331724]","[-116.38887682424091, 32.382122568778954]","[-117.14032317575908, 32.38212256877896]",15,20191007,1817,1142,None,0,0,0,0
Lyons Peak,32.7015,-116.7646,3700,lp,s,"[-116.7646, 32.250623763331724]","[-116.38887682424091, 32.382122568778954]","[-117.14032317575908, 32.38212256877896]",15,20200822,293,1461,None,0,0,0,0
Lyons Peak,32.7015,-116.7646,3700,lp,s,"[-116.7646, 32.250623763331724]","[-116.38887682424091, 32.382122568778954]","[-117.14032317575908, 32.38212256877896]",15,20200930,570,1060,None,0,0,0,0
Lyons Peak,32.7015,-116.7646,3700,lp,s,"[-116.7646, 32.250623763331724]","[-116.38887682424091, 32.382122568778954]","[-117.14032317575908, 32.38212256877896]",15,20201105,196,1094,None,0,0,0,0
Lyons Peak,32.7015,-116.7646,3700,lp,s,"[-116.7646, 32.250623763331724]","[-116.38887682424091, 32.382122568778954]","[-117.14032317575908, 32.38212256877896]",15,20210110,1590,1169,None,0,0,0,0
Lyons Peak,32.7015,-116.7646,3700,lp,w,"[-117.29783424429785, 32.7015]","[-117.14032317575908, 32.38212256877896]","[-117.14300437998006, 33.019727688312294]",5,20200806,854,1293,None,0,0,0,0
Lyons Peak,32.7015,-116.7646,3700,lp,w,"[-117.29783424429785, 32.7015]","[-117.14032317575908, 32.38212256877896]","[-117.14300437998006, 33.019727688312294]",5,20200822,2827,1187,None,0,0,0,0
Lyons Peak,32.7015,-116.7646,3700,lp,w,"[-117.29783424429785, 32.7015]","[-117.14032317575908, 32.38212256877896]","[-117.14300437998006, 33.019727688312294]",5,20201216,2772,1111,None,0,0,0,0
Mt. Laguna,32.8922,-116.4209,6300,ml,s,"[-116.4209, 32.44133746309627]","[-116.04438376418457, 32.57282816036067]","[-116.79741623581543, 32.57282816036067]",4,20200206,1727,885,None,0,0,0,0
Mt. Laguna,32.8922,-116.4209,6300,ml,s,"[-116.4209, 32.44133746309627]","[-116.04438376418457, 32.57282816036067]","[-116.79741623581543, 32.57282816036067]",4,20200306,1370,876,None,0,0,0,0
Mt. Laguna,32.8922,-116.4209,6300,ml,s,"[-116.4209, 32.44133746309627]","[-116.04438376418457, 32.57282816036067]","[-116.79741623581543, 32.57282816036067]",4,20200601,428,876,None,0,0,0,0
Mt. Laguna,32.8922,-116.4209,6300,ml,w,"[-116.95527360858537, 32.8922]","[-116.79741623581543, 32.57282816036067]","[-116.80012285506182, 33.21041377829245]",4,20190922,564,916,None,0,0,0,0
Mt. Laguna,32.8922,-116.4209,6300,ml,w,"[-116.95527360858537, 32.8922]","[-116.79741623581543, 32.57282816036067]","[-116.80012285506182, 33.21041377829245]",4,20191006,1373,871,None,0,0,0,0
Mt. Laguna,32.8922,-116.4209,6300,ml,w,"[-116.95527360858537, 32.8922]","[-116.79741623581543, 32.57282816036067]","[-116.80012285506182, 33.21041377829245]",4,20200521,1796,862,None,0,0,0,0
Mt. Laguna Observatory,32.8397,-116.4265,6180,mlo,n,"[-116.4265, 33.290533786706035]","[-116.80549675521806, 33.15791761239618]","[-116.04750324478195, 33.15791761239619]",1,20200306,1380,1030,None,0,0,0,0
Mt. Laguna Observatory,32.8397,-116.4265,6180,mlo,e,"[-115.89244113654694, 32.8397]","[-116.04750324478195, 33.15791761239619]","[-116.05020284502775, 32.52032661974371]",1,20200601,2940,1053,None,0,0,0,0
Mt. Laguna Observatory,32.8397,-116.4265,6180,mlo,s,"[-116.4265, 32.38883368733383]","[-116.05020284502775, 32.52032661974371]","[-116.80279715497225, 32.52032661974371]",11,20190714,663,747,None,0,0,0,0
Mt. Laguna Observatory,32.8397,-116.4265,6180,mlo,s,"[-116.4265, 32.38883368733383]","[-116.05020284502775, 32.52032661974371]","[-116.80279715497225, 32.52032661974371]",11,20191006,1289,732,None,0,0,0,0
Mt. Laguna Observatory,32.8397,-116.4265,6180,mlo,s,"[-116.4265, 32.38883368733383]","[-116.05020284502775, 32.52032661974371]","[-116.80279715497225, 32.52032661974371]",11,20200601,312,1106,None,0,0,0,0
Mt. Laguna Observatory,32.8397,-116.4265,6180,mlo,s,"[-116.4265, 32.38883368733383]","[-116.05020284502775, 32.52032661974371]","[-116.80279715497225, 32.52032661974371]",11,20200829,1589,1121,None,0,0,0,0
Mt. Laguna Observatory,32.8397,-116.4265,6180,mlo,s,"[-116.4265, 32.38883368733383]","[-116.05020284502775, 32.52032661974371]","[-116.80279715497225, 32.52032661974371]",11,20200911,2268,1151,None,0,0,0,0
Mt. Laguna Observatory,32.8397,-116.4265,6180,mlo,s,"[-116.4265, 32.38883368733383]","[-116.05020284502775, 32.52032661974371]","[-116.80279715497225, 32.52032661974371]",11,20210113,2139,1136,None,0,0,0,0
Mt. Laguna Observatory,32.8397,-116.4265,6180,mlo,w,"[-116.96055886345307, 32.8397]","[-116.80279715497225, 32.52032661974371]","[-116.80549675521806, 33.15791761239618]",2,20191006,1740,784,None,0,0,0,0
Mt. San Miguel,32.696804,-116.936363,2550,sm,n,"[-116.94, 33.150843889404484]","[-117.31839797267894, 33.01822779754]","[-116.56160202732104, 33.01822779754]",7,20170609,1024,851,None,0,0,0,0
Mt. San Miguel,32.696804,-116.936363,2550,sm,n,"[-116.94, 33.150843889404484]","[-117.31839797267894, 33.01822779754]","[-116.56160202732104, 33.01822779754]",7,20201216,1251,1081,None,0,0,0,0
Mt. San Miguel,32.696804,-116.936363,2550,sm,e,"[-116.40677467498567, 32.7]","[-116.56160202732104, 33.01822779754]","[-116.56428303251286, 32.38062252484705]",4,20200806,2016,1139,None,0,0,0,0
Mt. San Miguel,32.696804,-116.936363,2550,sm,s,"[-116.94, 32.249123655740036]","[-116.56428303251286, 32.38062252484705]","[-117.31571696748713, 32.38062252484705]",2,20191007,1284,917,None,0,0,0,0
Mt. San Miguel,32.696804,-116.936363,2550,sm,s,"[-116.94, 32.249123655740036]","[-116.56428303251286, 32.38062252484705]","[-117.31571696748713, 32.38062252484705]",2,20200828,806,1153,None,0,0,0,0
Mt. Woodson,33.0087,-116.9709,2800,wc,n,"[-116.9709, 33.45952153607274]","[-117.35062668741514, 33.32690525763677]","[-116.59117331258486, 33.326905257636774]",5,20181112,1388,1530,None,0,0,0,0
Mt. Woodson,33.0087,-116.9709,2800,wc,n,"[-116.9709, 33.45952153607274]","[-117.35062668741514, 33.32690525763677]","[-116.59117331258486, 33.326905257636774]",5,20191005,2808,1075,None,0,0,0,0
Mt. Woodson,33.0087,-116.9709,2800,wc,n,"[-116.9709, 33.45952153607274]","[-117.35062668741514, 33.32690525763677]","[-116.59117331258486, 33.326905257636774]",5,20200705,1140,1273,None,0,0,0,0
Mt. Woodson,33.0087,-116.9709,2800,wc,n,"[-116.9709, 33.45952153607274]","[-117.35062668741514, 33.32690525763677]","[-116.59117331258486, 33.326905257636774]",5,20200831,2516,1087,None,0,0,0,0
Mt. Woodson,33.0087,-116.9709,2800,wc,e,"[-116.43582502218713, 33.0087]","[-116.59117331258486, 33.326905257636774]","[-116.59389556804973, 32.68933158235236]",14,20191005,187,1079,None,0,0,0,0
Mt. Woodson,33.0087,-116.9709,2800,wc,e,"[-116.43582502218713, 33.0087]","[-116.59117331258486, 33.326905257636774]","[-116.59389556804973, 32.68933158235236]",14,20200521,1443,1045,None,0,0,0,0
Mt. Woodson,33.0087,-116.9709,2800,wc,e,"[-116.43582502218713, 33.0087]","[-116.59117331258486, 33.326905257636774]","[-116.59389556804973, 32.68933158235236]",14,20200808,513,1177,None,0,0,0,0
Otay Mountain,32.5948,-116.8447,3565,om,n,"[-116.8447, 33.04565148266326]","[-117.22264979421115, 32.9130354508156]","[-116.46675020578886, 32.913035450815606]",10,20190529,2416,1226,None,0,0,0,0
Otay Mountain,32.5948,-116.8447,3565,om,n,"[-116.8447, 33.04565148266326]","[-117.22264979421115, 32.9130354508156]","[-116.46675020578886, 32.913035450815606]",10,20190803,903,1119,None,0,0,0,0
Otay Mountain,32.5948,-116.8447,3565,om,n,"[-116.8447, 33.04565148266326]","[-117.22264979421115, 32.9130354508156]","[-116.46675020578886, 32.913035450815606]",10,20191006,2482,1032,None,0,0,0,0
Otay Mountain,32.5948,-116.8447,3565,om,n,"[-116.8447, 33.04565148266326]","[-117.22264979421115, 32.9130354508156]","[-116.46675020578886, 32.913035450815606]",10,20200521,120,1097,None,0,0,0,0
Otay Mountain,32.5948,-116.8447,3565,om,n,"[-116.8447, 33.04565148266326]","[-117.22264979421115, 32.9130354508156]","[-116.46675020578886, 32.913035450815606]",10,20200806,1757,1197,None,0,0,0,0
Otay Mountain,32.5948,-116.8447,3565,om,n,"[-116.8447, 33.04565148266326]","[-117.22264979421115, 32.9130354508156]","[-116.46675020578886, 32.913035450815606]",10,20201216,922,1068,None,0,0,0,0
Otay Mountain,32.5948,-116.8447,3565,om,n,"[-116.8447, 33.04565148266326]","[-117.22264979421115, 32.9130354508156]","[-116.46675020578886, 32.913035450815606]",10,20210319,2289,1454,None,0,0,0,0
Otay Mountain,32.5948,-116.8447,3565,om,e,"[-116.31209855990625, 32.5948]","[-116.46675020578886, 32.913035450815606]","[-116.4694172863813, 32.27541944575791]",12,20191001,2672,1171,None,0,0,0,0
Otay Mountain,32.5948,-116.8447,3565,om,e,"[-116.31209855990625, 32.5948]","[-116.46675020578886, 32.913035450815606]","[-116.4694172863813, 32.27541944575791]",12,20200601,1220,1082,None,0,0,0,0
Otay Mountain,32.5948,-116.8447,3565,om,e,"[-116.31209855990625, 32.5948]","[-116.46675020578886, 32.913035450815606]","[-116.4694172863813, 32.27541944575791]",12,20200806,1721,1129,None,0,0,0,0
Otay Mountain,32.5948,-116.8447,3565,om,e,"[-116.31209855990625, 32.5948]","[-116.46675020578886, 32.913035450815606]","[-116.4694172863813, 32.27541944575791]",12,20200829,1607,1079,None,0,0,0,0
Otay Mountain,32.5948,-116.8447,3565,om,e,"[-116.31209855990625, 32.5948]","[-116.46675020578886, 32.913035450815606]","[-116.4694172863813, 32.27541944575791]",12,20200930,2514,1077,None,0,0,0,0
Otay Mountain,32.5948,-116.8447,3565,om,e,"[-116.31209855990625, 32.5948]","[-116.46675020578886, 32.913035450815606]","[-116.4694172863813, 32.27541944575791]",12,20201105,1185,1112,None,0,0,0,0
Otay Mountain,32.5948,-116.8447,3565,om,s,"[-116.8447, 32.14391611653981]","[-116.4694172863813, 32.27541944575791]","[-117.2199827136187, 32.27541944575792]",13,20190930,1548,1073,None,0,0,0,0
Otay Mountain,32.5948,-116.8447,3565,om,s,"[-116.8447, 32.14391611653981]","[-116.4694172863813, 32.27541944575791]","[-117.2199827136187, 32.27541944575792]",13,20191003,2750,1090,None,0,0,0,0
Otay Mountain,32.5948,-116.8447,3565,om,s,"[-116.8447, 32.14391611653981]","[-116.4694172863813, 32.27541944575791]","[-117.2199827136187, 32.27541944575792]",13,20191007,1440,1020,None,0,0,0,0
Otay Mountain,32.5948,-116.8447,3565,om,s,"[-116.8447, 32.14391611653981]","[-116.4694172863813, 32.27541944575791]","[-117.2199827136187, 32.27541944575792]",13,20200521,842,1098,None,0,0,0,0
Otay Mountain,32.5948,-116.8447,3565,om,s,"[-116.8447, 32.14391611653981]","[-116.4694172863813, 32.27541944575791]","[-117.2199827136187, 32.27541944575792]",13,20201208,2145,1286,None,0,0,0,0
Otay Mountain,32.5948,-116.8447,3565,om,w,"[-117.37730144009376, 32.5948]","[-117.2199827136187, 32.27541944575792]","[-117.22264979421115, 32.9130354508156]",6,20200521,2649,1051,None,0,0,0,0
Otay Mountain,32.5948,-116.8447,3565,om,w,"[-117.37730144009376, 32.5948]","[-117.2199827136187, 32.27541944575792]","[-117.22264979421115, 32.9130354508156]",6,20200618,1538,1101,None,0,0,0,0
Otay Mountain,32.5948,-116.8447,3565,om,w,"[-117.37730144009376, 32.5948]","[-117.2199827136187, 32.27541944575792]","[-117.22264979421115, 32.9130354508156]",6,20200828,2577,1229,None,0,0,0,0
Otay Mountain,32.5948,-116.8447,3565,om,w,"[-117.37730144009376, 32.5948]","[-117.2199827136187, 32.27541944575792]","[-117.22264979421115, 32.9130354508156]",6,20210107,2587,1064,None,0,0,0,0
Red Mountain,33.4008,-117.1905,1600,rm,e,"[-116.65303446254079, 33.4008]","[-116.80905606186775, 33.71897645296838]","[-116.81183156739415, 33.081443131239055]",5,20180919,550,784,None,0,0,0,0
Red Mountain,33.4008,-117.1905,1600,rm,e,"[-116.65303446254079, 33.4008]","[-116.80905606186775, 33.71897645296838]","[-116.81183156739415, 33.081443131239055]",5,20200226,645,792,None,0,0,0,0
Red Mountain,33.4008,-117.1905,1600,rm,e,"[-116.65303446254079, 33.4008]","[-116.80905606186775, 33.71897645296838]","[-116.81183156739415, 33.081443131239055]",5,20200615,1046,832,None,0,0,0,0
Red Mountain,33.4008,-117.1905,1600,rm,w,"[-117.72796553745921, 33.4008]","[-117.56916843260585, 33.081443131239055]","[-117.57194393813225, 33.71897645296838]",16,20190810,1447,802,None,0,0,0,0
Red Mountain,33.4008,-117.1905,1600,rm,w,"[-117.72796553745921, 33.4008]","[-117.56916843260585, 33.081443131239055]","[-117.57194393813225, 33.71897645296838]",16,20191001,991,819,None,0,0,0,0
Red Mountain,33.4008,-117.1905,1600,rm,w,"[-117.72796553745921, 33.4008]","[-117.56916843260585, 33.081443131239055]","[-117.57194393813225, 33.71897645296838]",16,20191003,917,807,None,0,0,0,0
San Clemente,33.4314,-117.5974,870,sclm,e,"[-117.0597459388793, 33.4314]","[-117.21582063773678, 33.749574196814365]","[-117.21860033997874, 33.1120440344725]",1,20201205,1498,1100,None,0,0,0,0
Santa Ysabel,33.138256,-116.617058,5500,vo,n,"[-116.61, 33.58081272378213]","[-116.99025437801869, 33.44819636750495]","[-116.22974562198131, 33.44819636750495]",1,20191005,1128,762,None,0,0,0,0
Toro Peak,33.5235,-116.4257,8800,tp,s,"[-116.4257, 33.072683110213006]","[-116.0465041676762, 33.20414675463602]","[-116.80489583232381, 33.204146754636014]",2,20210204,1444,1144,None,0,0,0,0
Toro Peak,33.5235,-116.4257,8800,tp,w,"[-116.9639232076734, 33.5235]","[-116.80489583232381, 33.204146754636014]","[-116.8076882021531, 33.84166739909998]",2,20210115,2884,1127,None,0,0,0,0
Black Mountain,32.98166822,-117.1164071,1600,bl,e,"[-116.58509818227772, 32.98]","[-116.74039770279094, 33.298207358327076]","[-116.74311609844423, 32.660630738922485]",3,20180727,528,752,Pasqual Fire,13.2907181,33.07892,-116.91845,1
Boucher Hill,33.3346,-116.9198,5500,bh,n,"[-116.9198, 33.785397823642114]","[-117.30095166269716, 33.6527813298777]","[-116.53864833730283, 33.652781329877705]",4,20180727,1847,763,Pasqual Fire,17.6659779,33.07892,-116.91845,0
Boucher Hill,33.3346,-116.9198,5500,bh,s,"[-116.9198, 32.8837694047889]","[-116.54141478414488, 33.01524117811553]","[-117.29818521585511, 33.01524117811554]",4,20180727,788,902,Pasqual Fire,17.6659779,33.07892,-116.91845,1
Mesa Grande,33.188869,-116.760651,4280,mg,w,"[-117.29716237260907, 33.188]","[-117.13876133217558, 32.86863685756762]","[-117.14150781766253, 33.50619211003771]",3,20180727,565,1109,Pasqual Fire,11.87719556,33.07892,-116.91845,1
Mt. Woodson,33.0087,-116.9709,2800,wc,n,"[-116.9709, 33.45952153607274]","[-117.35062668741514, 33.32690525763677]","[-116.59117331258486, 33.326905257636774]",5,20180727,2310,1205,Pasqual Fire,5.724294333,33.07892,-116.91845,1
Red Mountain,33.4008,-117.1905,1600,rm,n,"[-117.1905, 33.851592992948994]","[-117.57194393813225, 33.71897645296838]","[-116.80905606186775, 33.71897645296838]",6,20180517,1619,811,Patterson Fire,17.48452002,33.62924,-117.05992,1
Boucher Hill,33.3346,-116.9198,5500,bh,w,"[-117.45685866220713, 33.3346]","[-117.29818521585511, 33.01524117811554]","[-117.30095166269716, 33.6527813298777]",8,20190610,590,990,Pauma Fire,4.006255285,33.30267,-116.97772,1
Boucher Hill,33.3346,-116.9198,5500,bh,w,"[-117.45685866220713, 33.3346]","[-117.29818521585511, 33.01524117811554]","[-117.30095166269716, 33.6527813298777]",8,20190610,590,990,Pauma Fire,4.006255285,33.30267,-116.97772,1
High Point,33.363018,-116.83622,6180,hp,n,"[-116.84, 33.81079597072698]","[-117.22126369140182, 33.6781794593324]","[-116.4587363085982, 33.678179459332405]",9,20171010,42,852,Portola Fire,14.49081158,33.50488,-117.02132,1
High Point,33.363018,-116.83622,6180,hp,w,"[-117.37721461670705, 33.36]","[-117.218493772178, 33.04064192734967]","[-117.22126369140182, 33.6781794593324]",3,20171010,1992,900,Portola Fire,14.49081158,33.50488,-117.02132,1
Red Mountain,33.4008,-117.1905,1600,rm,e,"[-116.65303446254079, 33.4008]","[-116.80905606186775, 33.71897645296838]","[-116.81183156739415, 33.081443131239055]",5,20171010,284,792,Portola Fire,12.11737298,33.50488,-117.02132,1
Mt. Wilson Observatory,34.22449951,-118.0586478,5700,wilson,e,"[0, 0]","[0, 0]","[0, 0]",1,20200813,2256,1103,Ranch 2 Fire,9.559601906,34.160265,-117.910498,1
Santiago Peak,33.71117247,-117.534115,5700,stgo,n,"[0, 0]","[0, 0]","[0, 0]",3,20200813,669,1063,Ranch 2 Fire,37.79330189,34.160265,-117.910498,1
Green Peak,34.0864,-118.5488,1760,dwpgm,n,"[-118.5488, 34.537142694313765]","[-118.93332785805947, 34.404525621185115]","[-118.16427214194053, 34.404525621185115]",1,20200812,1421,1020,Ranch 2 Fire,36.8643521,34.160265,-117.910498,1
San Juan Hills,33.5029,-117.6031,1177,sjh,n,"[-117.6031, 33.95368553345333]","[-117.9849965951115, 33.82106892047317]","[-117.2212034048885, 33.82106892047316]",1,20200813,862,1070,Ranch 2 Fire,48.72580207,34.160265,-117.910498,1
Upper Talega,33.5191,-117.481,2300,marconi,n,"[-117.481, 33.96988434885654]","[-117.8629686277568, 33.8372677240984]","[-117.09903137224319, 33.8372677240984]",1,20200813,785,1034,Ranch 2 Fire,50.69560389,34.160265,-117.910498,1
Black Mountain,32.98166822,-117.1164071,1600,bl,e,"[-116.58509818227772, 32.98]","[-116.74039770279094, 33.298207358327076]","[-116.74311609844423, 32.660630738922485]",3,20180809,491,153,Rangeland Fire,13.98357465,33.076239,-116.902985,1
Boucher Hill,33.3346,-116.9198,5500,bh,s,"[-116.9198, 32.8837694047889]","[-116.54141478414488, 33.01524117811553]","[-117.29818521585511, 33.01524117811554]",4,20180809,837,901,Rangeland Fire,17.87749357,33.076239,-116.902985,1
Mesa Grande,33.188869,-116.760651,4280,mg,w,"[-117.29716237260907, 33.188]","[-117.13876133217558, 32.86863685756762]","[-117.14150781766253, 33.50619211003771]",3,20180809,637,1105,Rangeland Fire,11.33051171,33.076239,-116.902985,1
Los Pinos,32.734673,-116.577751,4800,pi,e,"[-116.04659616305612, 32.73]","[-116.20147379070163, 33.04822561243623]","[-116.20415877907386, 32.41062340363592]",5,20180606,1840,770,Recycle Fire,9.670729089,32.63046,-116.46674,1
Mt. Laguna,32.8922,-116.4209,6300,ml,s,"[-116.4209, 32.44133746309627]","[-116.04438376418457, 32.57282816036067]","[-116.79741623581543, 32.57282816036067]",4,20180606,1183,791,Recycle Fire,18.27959031,32.63046,-116.46674,1
Mt. Laguna Observatory,32.8397,-116.4265,6180,mlo,s,"[-116.4265, 32.38883368733383]","[-116.05020284502775, 32.52032661974371]","[-116.80279715497225, 32.52032661974371]",11,20180606,1150,835,Recycle Fire,14.64505639,32.63046,-116.46674,1
Boucher Hill,33.3346,-116.9198,5500,bh,n,"[-116.9198, 33.785397823642114]","[-117.30095166269716, 33.6527813298777]","[-116.53864833730283, 33.652781329877705]",4,20170807,1650,677,Reed Fire,17.25471773,33.57139,-116.8247,1
Boucher Hill,33.3346,-116.9198,5500,bh,w,"[-117.45685866220713, 33.3346]","[-117.29818521585511, 33.01524117811554]","[-117.30095166269716, 33.6527813298777]",8,20170613,982,649,Reed Fire,13.77540813,33.52584,-116.85226,0
High Point,33.363018,-116.83622,6180,hp,n,"[-116.84, 33.81079597072698]","[-117.22126369140182, 33.6781794593324]","[-116.4587363085982, 33.678179459332405]",9,20170613,434,769,Reed Fire,11.28787249,33.52584,-116.85226,1
High Point,33.363018,-116.83622,6180,hp,n,"[-116.84, 33.81079597072698]","[-117.22126369140182, 33.6781794593324]","[-116.4587363085982, 33.678179459332405]",9,20180725,780,741,Ribbon Fire,24.15436216,33.571763,-116.500058,1
Sky Oaks,33.3787,-116.6223,4975,sojr,n,"[-116.6223, 33.82949460613242]","[-117.00364625930078, 33.6968780816769]","[-116.24095374069921, 33.6968780816769]",1,20180726,95,649,Ribbon Fire,15.0855106,33.571763,-116.500058,1
Sky Oaks,33.3787,-116.6223,4975,sojr,w,"[-117.15962955909717, 33.3787]","[-117.00087378100844, 33.05934247907212]","[-117.00364625930078, 33.6968780816769]",3,20180726,2016,583,Ribbon Fire,15.0855106,33.571763,-116.500058,0
Mt. Woodson,33.0087,-116.9709,2800,wc,e,"[-116.43582502218713, 33.0087]","[-116.59117331258486, 33.326905257636774]","[-116.59389556804973, 32.68933158235236]",14,20210711,2106,1125,Road Fire,23.64045366,32.82731,-116.6253,1
Mesa Grande,33.188869,-116.760651,4280,mg,s,"[-116.761, 32.73715879567527]","[-116.38323866782441, 32.86863685756763]","[-117.13876133217558, 32.86863685756762]",4,20160722,1043,570,Rock Fire,17.27976978,33.00056,-116.9571,1
Mt. Woodson,33.0087,-116.9709,2800,wc,e,"[-116.43582502218713, 33.0087]","[-116.59117331258486, 33.326905257636774]","[-116.59389556804973, 32.68933158235236]",14,20160722,1869,1063,Rock Fire,0.977604752,33.00056,-116.9571,1
Red Mountain,33.4008,-117.1905,1600,rm,w,"[-117.72796553745921, 33.4008]","[-117.56916843260585, 33.081443131239055]","[-117.57194393813225, 33.71897645296838]",16,20180728,1480,876,Rock Fire,3.037611338,33.41476,-117.24044,1
Red Mountain,33.4008,-117.1905,1600,rm,w,"[-117.72796553745921, 33.4008]","[-117.56916843260585, 33.081443131239055]","[-117.57194393813225, 33.71897645296838]",16,20190826,932,824,Sage Fire,16.48584565,33.463991,-116.914799,0
Sky Oaks,33.3787,-116.6223,4975,sojr,w,"[-117.15962955909717, 33.3787]","[-117.00087378100844, 33.05934247907212]","[-117.00364625930078, 33.6968780816769]",3,20190827,698,733,Sage Fire,17.86769758,33.463991,-116.914799,1
Red Mountain,33.4008,-117.1905,1600,rm,w,"[-117.72796553745921, 33.4008]","[-117.56916843260585, 33.081443131239055]","[-117.57194393813225, 33.71897645296838]",16,20180611,542,887,Santiago Fire,41.70783634,33.787838,-117.746625,1
Red Mountain,33.4008,-117.1905,1600,rm,w,"[-117.72796553745921, 33.4008]","[-117.56916843260585, 33.081443131239055]","[-117.57194393813225, 33.71897645296838]",16,20180612,1391,837,Santiago Fire,41.70783634,33.787838,-117.746625,1
Mt. Laguna,32.8922,-116.4209,6300,ml,n,"[-116.4209, 33.3430299844236]","[-116.80012285506182, 33.21041377829245]","[-116.04167714493819, 33.21041377829244]",1,20160711,481,793,Shelter Fire,18.19192973,33.11645,-116.58542,1
Santiago Peak,33.71117247,-117.534115,5700,stgo,n,"[0, 0]","[0, 0]","[0, 0]",3,20180719,951,1160,Skyline Fire,9.607716779,33.836101,-117.607577,1
Lyons Peak,32.7015,-116.7646,3700,lp,n,"[-116.7646, 33.152343781045175]","[-117.14300437998006, 33.019727688312294]","[-116.38619562001993, 33.0197276883123]",12,20200611,440,1257,Skyline Fire,2.361130823,32.73044,-116.7862,1
Otay Mountain,32.5948,-116.8447,3565,om,e,"[-116.31209855990625, 32.5948]","[-116.46675020578886, 32.913035450815606]","[-116.4694172863813, 32.27541944575791]",12,20170627,1921,778,Sloane Fire,12.72642542,32.7789,-116.8516,0
Santiago Peak,33.71117247,-117.534115,5700,stgo,n,"[0, 0]","[0, 0]","[0, 0]",3,20190728,706,1091,Star Fire,23.96425807,33.997528,-117.769766,1
Red Mountain,33.4008,-117.1905,1600,rm,n,"[-117.1905, 33.851592992948994]","[-117.57194393813225, 33.71897645296838]","[-116.80905606186775, 33.71897645296838]",6,20160604,1958,872,Temecula Fire,5.985499264,33.476894,-117.140883,1
Red Mountain,33.4008,-117.1905,1600,rm,n,"[-117.1905, 33.851592992948994]","[-117.57194393813225, 33.71897645296838]","[-116.80905606186775, 33.71897645296838]",6,20180504,1382,824,Tornado Fire,7.598852436,33.504964,-117.148204,1
Santiago Peak,33.71117247,-117.534115,5700,stgo,e,"[0, 0]","[0, 0]","[0, 0]",3,20190805,1233,1052,Toro Fire ,11.68888657,33.740219,-117.333728,1
High Point,33.363018,-116.83622,6180,hp,n,"[-116.84, 33.81079597072698]","[-117.22126369140182, 33.6781794593324]","[-116.4587363085982, 33.678179459332405]",9,20200709,1358,767,Tripp Fire ,14.03572061,33.551838,-116.7464168,1
Los Pinos,32.734673,-116.577751,4800,pi,w,"[-117.11340383694387, 32.73]","[-116.95584122092613, 32.41062340363591]","[-116.95852620929837, 33.04822561243623]",6,20200905,1342,769,Valley Fire,7.013765741,32.765615,-116.692705,1
Lyons Peak,32.7015,-116.7646,3700,lp,n,"[-116.7646, 33.152343781045175]","[-117.14300437998006, 33.019727688312294]","[-116.38619562001993, 33.0197276883123]",12,20200905,2795,1044,Valley Fire,6.089744994,32.765615,-116.692705,1
Mt. San Miguel,32.696804,-116.936363,2550,sm,e,"[-116.40677467498567, 32.7]","[-116.56160202732104, 33.01822779754]","[-116.56428303251286, 32.38062252484705]",4,20200905,1090,1055,Valley Fire,14.93876692,32.765615,-116.692705,1
Black Mountain,32.98166822,-117.1164071,1600,bl,s,"[-117.12, 32.52914378468391]","[-116.74311609844423, 32.660630738922485]","[-117.49688390155578, 32.660630738922485]",4,20190716,901,808,Vista Fire,20.60163661,32.794768,-116.839743,1
Los Pinos,32.734673,-116.577751,4800,pi,w,"[-117.11340383694387, 32.73]","[-116.95584122092613, 32.41062340363591]","[-116.95852620929837, 33.04822561243623]",6,20190717,1364,745,Vista Fire,15.77804802,32.794768,-116.839743,1
Lyons Peak,32.7015,-116.7646,3700,lp,n,"[-116.7646, 33.152343781045175]","[-117.14300437998006, 33.019727688312294]","[-116.38619562001993, 33.0197276883123]",12,20190717,708,1137,Vista Fire,7.784316462,32.794768,-116.839743,1
Red Mountain,33.4008,-117.1905,1600,rm,w,"[-117.72796553745921, 33.4008]","[-117.56916843260585, 33.081443131239055]","[-117.57194393813225, 33.71897645296838]",16,20180605,1350,900,Vista Fire,2.312873183,33.40769,-117.22974,1
Red Mountain,33.4008,-117.1905,1600,rm,w,"[-117.72796553745921, 33.4008]","[-117.56916843260585, 33.081443131239055]","[-117.57194393813225, 33.71897645296838]",16,20190620,950,836,Weisgarber Fire,6.129189668,33.39684,-117.29665,1
Mt. Woodson,33.0087,-116.9709,2800,wc,e,"[-116.43582502218713, 33.0087]","[-116.59117331258486, 33.326905257636774]","[-116.59389556804973, 32.68933158235236]",14,20180706,2531,1077,West Fire,18.43030526,32.833674,-116.7311,1
L.A.Co.F.D Helibase 69 Bravo,34.074585,-118.627884,2480,69bravo,n,"[-118.63, 34.52074390310967]","[-119.01445286134765, 34.388126843973296]","[-118.24554713865234, 34.388126843973296]",1,20190813,2936,1188,West Fire ,44.60303842,34.675542,-118.342239,1
L.A.Co.F.D Helibase 69 Bravo,34.074585,-118.627884,2480,69bravo,e,"[-118.0883456998243, 34.07]","[-118.24554713865234, 34.388126843973296]","[-118.2484158150905, 33.75066294148143]",1,20190813,209,1187,West Fire ,44.60303842,34.675542,-118.342239,1
Red Mountain,33.4008,-117.1905,1600,rm,n,"[-117.1905, 33.851592992948994]","[-117.57194393813225, 33.71897645296838]","[-116.80905606186775, 33.71897645296838]",6,20171026,296,765,Wildomar Fire,16.43980587,33.60247,-117.34192,1
Black Mountain,32.98166822,-117.1164071,1600,bl,s,"[-117.12, 32.52914378468391]","[-116.74311609844423, 32.660630738922485]","[-117.49688390155578, 32.660630738922485]",4,20190924,339,702,Willow Fire,15.45755431,32.87833333,-116.88,1
High Point,33.363018,-116.83622,6180,hp,s,"[-116.84, 32.90917124536389]","[-116.46150622782201, 33.04064192734967]","[-117.218493772178, 33.04064192734967]",3,20190924,964,774,Willow Fire,33.58421091,32.87833333,-116.88,1
Lyons Peak,32.7015,-116.7646,3700,lp,w,"[-117.29783424429785, 32.7015]","[-117.14032317575908, 32.38212256877896]","[-117.14300437998006, 33.019727688312294]",5,20201202,2209,1162,Willow Fire,9.030149713,32.75277778,-116.9075,1
Mt. San Miguel,32.696804,-116.936363,2550,sm,n,"[-116.94, 33.150843889404484]","[-117.31839797267894, 33.01822779754]","[-116.56160202732104, 33.01822779754]",7,20201202,2288,1221,Willow Fire,4.215643489,32.75277778,-116.9075,1
Mt. Woodson,33.0087,-116.9709,2800,wc,e,"[-116.43582502218713, 33.0087]","[-116.59117331258486, 33.326905257636774]","[-116.59389556804973, 32.68933158235236]",14,20190924,3028,1062,Willow Fire,10.43624015,32.87833333,-116.88,1
Mt. Woodson,33.0087,-116.9709,2800,wc,e,"[-116.43582502218713, 33.0087]","[-116.59117331258486, 33.326905257636774]","[-116.59389556804973, 32.68933158235236]",14,20190925,2965,1092,Willow Fire,10.43624015,32.87833333,-116.88,1
Mt. Woodson,33.0087,-116.9709,2800,wc,s,"[-116.9709, 32.55784585299181]","[-116.59389556804973, 32.68933158235236]","[-117.34790443195027, 32.68933158235236]",2,20190924,139,965,Willow Fire,10.43624015,32.87833333,-116.88,1
Mt. Woodson,33.0087,-116.9709,2800,wc,s,"[-116.9709, 32.55784585299181]","[-116.59389556804973, 32.68933158235236]","[-117.34790443195027, 32.68933158235236]",2,20190925,83,1014,Willow Fire,10.43624015,32.87833333,-116.88,1
Otay Mountain,32.5948,-116.8447,3565,om,n,"[-116.8447, 33.04565148266326]","[-117.22264979421115, 32.9130354508156]","[-116.46675020578886, 32.913035450815606]",10,20201202,1030,1101,Willow Fire,11.51010258,32.75277778,-116.9075,1
Santiago Peak,33.71117247,-117.534115,5700,stgo,e,"[0, 0]","[0, 0]","[0, 0]",3,20180827,1025,1189,Winchester Fire,26.26697707,33.640051,-117.085354,1
High Point,33.363018,-116.83622,6180,hp,n,"[-116.84, 33.81079597072698]","[-117.22126369140182, 33.6781794593324]","[-116.4587363085982, 33.678179459332405]",9,20190629,561,775,Wolf Fire ,38.76128377,33.911,-116.980528,1
Boucher Hill,33.3346,-116.9198,5500,bh,n,"[-116.9198, 33.785397823642114]","[-117.30095166269716, 33.6527813298777]","[-116.53864833730283, 33.652781329877705]",4,20180504,77,864,Woodchuck Fire,10.41372478,33.467999,-117.003829,1
